Property_id,rent
4394,447.0498130663892
2338,714.9506957583992
8531,727.6203022368977
8952,372.77035350006344
11064,279.7556298679152
10336,837.3396949140006
12954,662.3142571386127
219,396.4360513446831
1599,550.3941023138025
7572,448.9826254323853
170,992.7296674206299
6658,344.45056464767254
3616,315.90608303015784
7772,323.68267050845213
1214,747.420035615494
8197,452.50497583119795
9892,275.629108078226
1635,981.9955451341949
7403,923.4709325367172
4468,319.6505448602797
13081,667.534160813194
13917,272.0087644081706
4049,2085.7441626210066
2145,306.38146499599253
2125,733.0862323933816
1580,476.3452244837722
3828,856.9537182680717
10858,443.33321477429564
2999,726.7841706742176
3834,820.3323337333196
11267,489.89341889313914
11904,470.65547651013776
5514,862.3417208868392
8697,209.12156718921716
3466,510.7516473136621
8217,1074.5528735319144
4230,294.39832568538486
10598,228.53023993072534
2920,466.6577593957167
328,410.6137634839044
10668,943.726994024478
2911,408.8299027013481
5039,531.0868412298469
7590,374.29427282069855
5757,404.75277329213014
9697,522.7043493609406
3859,1146.379164058469
11365,618.5216371395804
1984,424.5423047101703
6033,524.9389417608777
10816,183.2604611189535
11981,690.988772976624
7883,427.88273795060394
6166,411.3442303597382
7769,342.8866778087479
8087,351.21412402392895
5504,431.3112784755754
11853,374.41314919303375
7768,236.72936767550956
9232,254.92976197303184
9695,731.7942474243624
7477,889.6919994763869
12232,568.2419604255936
6795,340.5172038868076
5624,398.0537448226202
3600,490.4922847043379
11199,407.6031929396378
3681,698.3810236755554
169,542.8606580070144
9531,702.8663660671207
1329,983.9891843258023
2237,180.49066396737
1079,557.2389896749455
8500,1359.9394447565091
456,676.81802962847
8010,1077.5204911838064
9407,312.8619192473225
9538,289.5840812402897
3015,312.5662239912726
2583,326.4945681149853
10125,377.20336341143735
11959,556.9059052515935
4878,741.2531866549635
10070,404.9399809528093
7151,173.0776177459606
736,434.5045029808378
12765,738.8736121131561
3480,139.880627839471
1800,820.6559493242013
3602,826.4517897088306
8279,1011.4956245847328
12788,346.30980136992446
3572,493.94809054338623
2925,379.9269805501025
2620,844.3383334014536
1924,638.7052357246909
12650,378.7120922082613
11699,654.2108338781844
4297,408.74052586732
12435,383.6179942688718
4092,336.4909484672846
400,258.28582473503093
4801,445.78470124916635
11378,435.6774974828473
8328,1103.3636062146522
7808,247.9698018702816
13578,421.7007513256104
13020,176.27322903825188
6346,697.3060116254898
3014,396.02275820821023
8117,241.95072598079534
7525,384.7178756521115
13577,220.0840021207912
11472,269.88117801692346
9461,516.297644445742
11815,314.24145424206614
3345,579.5758330665236
12663,1188.615408187774
13302,653.962888915717
291,353.17180625836653
8240,1046.9750895841723
13184,555.6455149615849
7310,304.4791222781467
2819,273.2373110381223
3406,327.7753973752527
3543,365.8242115740084
8359,384.2773566958516
1689,498.7589813054102
11850,280.8301840628484
11018,657.4994053748476
6426,288.3569743127493
8280,609.0408420025171
7568,390.5001066812988
8539,767.8336861196011
3032,409.1402728298212
3596,345.60540350555766
7597,1388.7787295284447
5730,250.70393220996846
13214,203.5308017020591
609,415.3817879496727
7751,1614.110846906987
12177,488.9311897667337
9623,395.5332643101969
13033,203.11289869248213
13331,364.8045049860674
6196,914.250356361631
5480,1425.3121696726407
1845,334.82676986345456
2770,603.5504699350014
8251,564.5771766554819
10862,383.28551351776446
1744,592.0139674660464
9367,779.7736348252832
6089,1249.8973219618647
3618,358.84970827750766
10180,365.516803488744
11445,683.2245912574173
13836,205.89706326895472
4100,538.8989597126438
8744,447.2790465954514
2068,533.9937196309105
13015,552.9904210008347
13960,241.25276888321642
13336,408.6528923467718
8456,953.5490562036647
1966,546.0297276790259
10748,291.71394196784803
11370,317.86711142156935
9658,1099.2189386270027
8694,269.03238878459393
12832,800.5596025344652
10698,1401.4705846350903
13473,704.0033906853029
2994,472.90089243247445
4169,366.4483813933937
10428,154.21288980177047
7920,417.4931123285137
12383,329.0648996560716
5072,488.7823552356355
10872,474.4798174542224
4463,479.510695405337
5652,447.884292681784
12837,529.712796608782
12713,797.878915473889
10292,278.4173081941119
11431,473.0664877798134
1963,419.9560605081036
1770,230.648943483918
11403,771.6779402997397
3996,411.4801354026946
7925,486.27898290195907
10045,1080.1495222756457
1958,440.0601735475633
4818,335.27270927827027
11355,230.61186753843234
6076,802.2892887624137
8075,877.9578848647064
8871,1102.8337664232663
4266,242.1443759617795
13205,951.8056087853466
12256,286.1759082563028
3647,567.846123128593
11286,613.9336699834653
7454,249.6388452060609
10121,558.6673183394371
12063,838.2005536547177
8939,411.5765036450295
8643,353.7690676001759
733,399.805472830028
796,443.64589474324015
1594,587.2739921698652
7429,721.3459130542337
9090,279.75402328288345
11220,318.0573870144915
5835,532.5527504995242
10035,636.694117787003
411,243.527438213841
2120,528.3629789747532
10640,609.985983165094
6097,1027.818760346744
1922,503.11842721881357
2141,439.95333988515165
3856,701.1067314058743
9726,301.89093130188115
12157,425.3450032663811
8927,475.201627643162
1490,725.6818666304684
9026,350.19718840171527
11508,610.3864646584946
7766,375.18816109302907
6866,615.6941448002766
8487,457.372774548256
5251,1030.2691252612062
3692,1048.894324968954
6552,1235.5898884372793
904,769.826533036527
12219,291.3840415575816
488,348.8906493984648
4163,439.8564685627098
14011,476.4324129338299
12246,298.08950631547305
8911,579.0786805957455
903,289.00873373957836
2013,971.7208630722729
4191,276.9749180261164
4862,285.2767098178583
5229,374.0711180343255
6105,387.35318466667957
10445,701.2351960918363
15,655.8916195686198
3593,980.7837339243217
7029,284.2946407841786
13066,969.8918439488566
10751,416.5700458870007
10466,442.8304319350569
7074,712.1597118949045
10672,330.73499606297
9108,252.4156929663625
7915,553.5180458905484
13147,349.6762289456851
3223,561.3031601462
13807,639.5148228030413
12173,265.4131747811473
6585,422.1946129774976
1517,1081.0378164129067
4521,376.3752786245134
3208,409.24908739726504
2457,358.2867337156466
1359,1243.4487953077794
7439,1135.6692920392366
8792,373.3234933845747
7229,693.2753473200844
12797,808.2374494693905
6456,1005.1558282250338
8077,156.19519427428457
2035,231.66547830773695
9523,519.1284184982119
1347,364.29572196495724
287,478.59721600416765
9591,972.4891945086815
3523,715.297042249419
3209,515.8517607642922
8424,685.113392776479
8463,160.2884611580413
3479,633.3233638317495
1108,785.7219766307035
3705,323.3195377554993
2361,774.4740573910192
4994,1050.8094485043896
10307,233.38373979874427
2311,536.3533748129782
10194,377.10301115750343
7692,697.4188735440699
5764,427.98660244550615
1748,679.7688089919217
2632,557.699170540294
7110,458.5376832981593
9882,497.36086713436237
2693,1151.1971324146537
5640,265.9360358579736
13432,180.86309465507355
10257,383.9320845705333
10033,341.99432103080585
1581,598.6492423506551
9024,398.35719301789766
1663,575.7617531279727
9764,857.292893027934
7641,1252.593423783205
8622,1009.2464946781203
4906,333.25531688434256
354,883.7170507652598
6303,1554.4641510140946
5999,1098.027548403732
10158,322.4539404714106
2958,694.1823291495155
3653,780.6996327002212
1796,295.7567037024191
12426,391.15717003125945
1607,538.558547550634
2715,515.211671871358
10401,348.0075948301736
2590,398.5597861888621
3380,400.7398771615817
9192,342.2106408036287
1990,161.62156564482964
11233,284.8718732513788
13631,699.6477262487641
8566,811.1409530995546
14058,648.4725112651735
12277,905.619201244295
2110,365.4137028240957
4166,526.7582676240417
6553,448.55512427731156
4190,377.2848452094944
10711,448.6116415922979
1419,426.51790279987586
174,503.26200392136485
7609,395.32034050712736
1784,1322.7990952741263
9775,1298.6755036214438
7475,200.5490383867459
3679,624.8961687398565
7638,410.4014938983465
6576,1166.2319951976162
4510,445.3663644717363
10141,649.512197990958
10236,434.5194319201162
100,584.8727872013424
7489,472.8585108019485
1698,498.2043671180159
6957,221.3628711795129
3777,572.8206769122605
6974,393.92129315015995
12804,380.30663457584103
1723,1388.5626003334914
4503,479.647568017799
8305,433.91647227232846
837,814.8324855700237
12656,343.74349687729176
8028,337.59259766355893
10547,282.7789256756102
6715,687.8547563024049
4046,1303.4596448709171
1062,336.7943397560498
7628,516.2277261291072
7497,1018.067480133635
13167,691.5741142229202
5728,301.11181986884606
8743,913.8789173169115
11170,939.2598591499261
7502,450.84483012329747
11062,867.4756779073203
5207,616.1256174806189
9839,239.36325819107122
10889,331.6659250473562
3419,1197.4486694746006
795,361.89175643805913
1535,348.28370639972843
1040,792.8614373873995
5002,570.5248177554902
10696,508.0778529261802
11125,864.3113982835275
8421,571.6032868705909
1618,542.6065554467931
6400,405.31209599790174
8483,406.5139835268256
9163,967.4879309414362
5036,663.463300067385
8673,391.87232895691443
9229,249.79225077893605
5445,152.96857705395973
6910,1143.6856092727576
281,1128.3711388842203
1115,336.72585485933104
773,295.5034395788098
709,379.68643584891686
13288,939.8222955577646
10826,242.99086996104583
7317,666.6820570334929
12448,305.6014731458168
9162,475.91260777544164
11877,191.2508184469405
3704,312.09808646465314
10435,354.8948778267183
2875,391.99048415299256
5427,403.65008950041533
7823,733.0735055092927
7158,479.2550003962216
3446,269.3929540459352
12483,410.58456678322204
12967,646.2859145600498
978,416.1526141610553
4401,208.15475517577892
32,879.8013711097173
5340,316.00515391600254
1576,400.4619592475553
340,442.58390948042654
8779,484.52739331532325
11735,312.4614416431179
4368,302.03336516241154
6747,1000.2189423335271
2086,276.1615859355535
11243,350.1871047284675
7554,1215.0018342874073
6299,388.9176421733834
2496,1519.5269670763312
3956,414.2501024507364
3939,350.8330980786302
11014,174.532457354925
9631,307.4920976449227
3515,271.34454990062335
3342,633.1459458764401
469,2172.9623808498177
12488,216.61519384363817
4465,1202.5049895667119
11219,459.04760838045155
4342,493.73221991581073
7982,340.10262888600926
6302,471.59950704161895
2975,418.24696149501597
103,958.6321797843834
2202,254.47041708085345
3781,399.7923987175069
6462,848.0209803111103
2460,462.72026124458614
5217,329.1858479986556
3920,795.9721319933938
5372,440.13705689987955
8288,405.12002607206347
11709,443.85726212210596
2440,195.7518817341716
9103,824.4087064905009
8467,1042.500128883723
10494,234.58122245740321
6070,251.74178793669682
8766,433.87767353388716
5748,813.04947828336
9244,376.6541153600196
8630,315.95293798380806
14047,412.2097085141672
8508,618.9001959467936
7259,899.5559096979625
12605,340.6974566402216
9945,502.5745781169791
9380,959.4771014077971
6202,1415.7435339397184
3786,731.1939126063775
5660,383.12543895601567
9465,681.8436892294059
12190,334.3845457617351
3026,823.998793731764
5913,973.3297344602179
10260,1417.3897263650824
4639,432.64474911546495
9728,466.1466130372191
5141,1038.5417984796773
11319,459.948377560913
8551,2254.139374768665
5080,526.0115731177887
625,462.6821039680999
7137,537.703539943971
5923,552.0984094360704
7255,289.9296560615375
12729,191.63488635338896
11108,1132.0514902486314
9460,432.16655252628755
10535,375.611856740914
6373,388.5119732471884
11851,434.6600487897659
10586,1081.3410723794939
6344,436.9577075837335
10145,991.2209991724685
1769,250.4120850045033
6903,813.0319632258697
361,1357.9399390190054
4605,494.0796094835272
13937,263.2114776795998
10086,270.2560701230914
182,100.15601261943912
3025,367.78731937503755
8560,794.9739347607982
748,603.2918376123394
2535,275.18520931313964
7969,946.2299229802097
4964,602.3344270706556
3822,710.0421582354724
4044,808.9298262422129
4353,1231.4922944877762
3951,574.1720055024953
4065,612.6930519535839
12610,383.6079902873695
1890,257.5156802473887
4402,359.6352417943682
12208,786.0163162710761
2929,415.43253404292886
1112,394.97088621802044
6490,751.307652216201
5847,556.9671996951236
6193,377.5190143732924
1563,464.8414928639039
7145,1577.070863200893
12933,481.14991430204276
11962,765.3635601160894
11555,271.1522096427904
12285,507.0240057643137
11515,481.22387763736674
10702,1040.4407414729828
285,432.63179441042814
11725,1045.7817458108923
13061,342.48463795715367
11201,365.4179661532707
2502,280.53639595892247
12251,418.1370725198193
1262,302.37105906430793
6235,2464.571792190994
10058,464.24297834328763
9774,1214.9304240812673
7059,719.511792912645
5965,343.173636578894
10779,1067.7306205358086
3300,546.5684176939313
1715,648.3153455528145
4751,387.7528845814501
9417,1005.2652682229103
13150,398.0955501210163
10079,1251.115634452362
5174,293.2075946631402
12856,768.8769661382872
10664,715.513439322364
8109,237.38569884653288
11056,555.5444594970911
11180,253.63796497189495
3144,212.38585403374012
5921,342.68925723839
7277,273.04928061162826
8247,651.2018128052133
11942,438.1198960552264
12160,309.1443774837546
3001,432.31881779680816
10018,283.6425016876041
9820,437.33860216218824
13525,253.36440635761875
2118,402.64209128985465
2484,277.3410578430126
2910,939.0408790288834
5033,946.7910395628885
9258,335.6809328334159
11002,491.81347673018865
1494,384.3833413537937
2326,284.39019463669206
7865,586.3745076295985
2082,418.39286618682405
12487,660.3549106337791
3892,1396.0651608481246
7513,379.18766010584045
7384,471.99419821725553
9397,703.8634661146667
12295,270.3707678984856
7860,568.0074402585198
7713,347.94391972638067
1531,367.33713539700034
13319,197.15885988841765
9640,1375.9913264423872
4314,319.19401041901654
9582,476.9541250374735
10192,875.2437289610634
7646,296.6058671749213
10080,880.6077317360205
4694,272.40142665492675
2184,395.0326057089068
14020,753.0854279475175
8375,395.54841905270655
8654,265.769941374616
7964,446.93490642834604
6148,713.8542490644625
9702,1038.2732939620519
451,421.3087392066889
2936,536.0535168652602
12767,471.3561216002935
13158,452.73455485371494
9962,316.3288825152905
2520,307.2854469825569
13813,176.10063561138102
8746,1383.6125103167356
5063,723.8839723123169
8118,290.45867615798085
1741,751.999836736614
7031,205.56265735742775
2302,969.4460411063898
10666,455.80841589716476
2537,343.4068382533763
1612,940.129497181267
9602,250.52381800392345
7904,545.5912960572942
11648,489.11461526175333
5264,813.7561051805935
3942,1391.7348402836335
1476,1040.5692435108003
2453,197.3944010740571
178,426.9977058639485
11497,338.76411272062427
13095,945.0367368938507
13750,364.0836189215939
12754,1335.4184129623454
458,285.8594358900016
1011,473.51221398703
6153,513.8139290875625
2479,481.24920318507145
3888,765.2167928948279
12833,175.86269118437485
64,542.8606580070144
3283,344.59884598386935
971,1104.4230273160147
6378,423.0981376636776
9037,859.9276027862072
9097,995.7204762227843
13703,232.99213952174594
1248,749.7492971166972
6862,791.4960279666159
8181,408.5679488813043
7230,1299.5460111894192
11184,478.34019379763265
2026,327.154686577904
380,956.8889250065727
3317,304.6963796461875
8389,294.0391969890591
7799,366.31967086149905
10475,403.34125341885584
8238,933.7794559763183
4202,1180.8350373536277
1023,338.47283654401434
8656,303.19878517686135
7307,340.64281592974106
1721,496.53159221735865
6555,928.0396865552361
11789,392.93669399523037
5124,570.6106416012608
6843,651.33388751785
7718,722.5457869310563
6419,1143.4613559894678
3571,324.81930531232695
10203,521.8400716616164
11287,424.9891937260789
12398,457.6052235888048
11865,288.8782870284606
9028,1280.3827979658
9,1161.6001448103775
8728,215.1725162537492
5900,1505.2785095902098
4192,563.5620039422141
5007,164.86220804165941
10369,276.25615656585103
4983,795.2614355217962
7055,382.98826662442383
9312,279.26442625392525
6441,476.1533121957575
9533,272.08324536378854
11915,516.2385590661631
8184,266.0800503550254
7637,692.7203611535448
5863,732.0501338792538
6626,788.0579198783906
9705,323.50867376752404
8795,384.2913401185529
1767,307.7242852135962
10359,861.4489972105899
7959,359.48099842308005
2821,229.52457023451788
2343,318.72334331693526
8558,584.9581427280272
10373,289.34320884165083
3644,405.58007523348834
7629,328.40319526143867
3185,443.39564893644155
3680,339.4740606807542
2747,190.03665193942126
4348,421.8444112533857
8409,1398.3655463894008
7232,1077.2261734612496
737,448.8688775601201
11312,410.639705711679
7678,525.7092813563975
8731,320.08609418247426
3990,1199.242271106859
11059,818.7336330708131
3352,660.572506175431
2313,549.8646725679683
3852,761.5131117466144
4960,610.3049565999315
9673,177.09372878359622
1054,1250.7896619277813
8170,431.51308302799913
10370,282.6294464352923
3070,1217.8689682801307
7301,407.41039244020465
8869,685.1889749266142
4430,524.6429521019086
3659,353.4616033538786
9021,174.6985090861566
9683,331.54757222063387
10994,1707.8287507699242
1035,324.4584949692305
6244,396.4660038577772
9416,293.70138119700357
8319,516.4418235019343
5838,428.8163552054309
9186,405.90356842595673
12476,466.55910485684365
7309,434.4805210920948
10943,735.0947699927403
9717,466.1466130372191
5911,421.95534733612305
13037,515.2021959076188
10846,205.51472025824043
2705,318.218025273914
12697,574.210947528633
9242,559.2235974538441
2610,333.00599959545644
11587,454.9570446459797
8413,352.8728430128933
10639,1011.2515713685733
6736,899.4470203935754
885,1067.0712543364548
2070,429.0246713010837
2272,856.9903438954427
10006,437.651471893009
11988,356.8714874040705
7827,1021.56816846549
5041,443.9590320135261
11710,352.35684354752607
10504,1113.8388232669326
1965,358.6008125446567
10425,825.7030461894403
11893,1169.0638199190244
2020,778.9180006823078
6330,222.87127855339077
11352,607.1357387808014
7073,363.1698000870573
5175,323.1517265221633
3997,800.263001634859
9153,521.7758314423947
2228,317.3948825084437
587,470.3716955881292
9177,305.0541826358216
6500,424.7949190378725
5381,561.6944321574606
5291,404.84735151367613
9394,247.99162952784025
4016,281.26162716259887
10163,484.85129681345796
1740,329.6197940544197
4773,573.7084593065773
9564,380.0093705326455
8519,979.0857353833819
7488,336.94679265799095
12234,323.6823593872925
7869,435.7986154952567
7794,365.04490444705186
9932,423.9923712509777
2268,502.0352245688519
9067,387.6561960307236
12461,294.0075603219424
7667,557.4916409385335
10710,374.77513144405407
2678,309.9011594482415
5573,480.81079827033705
10207,910.6043841317227
8909,574.8376389134356
6724,272.51480045492417
1122,302.83969280123006
12085,326.81114417653293
928,653.1114606874777
11675,742.683756254851
12362,424.5542271792688
4027,280.66209491513706
2955,963.3772069024217
812,480.2885593615365
1724,1084.5860812140704
11080,221.94404566829644
5460,305.69616128168695
48,1266.87150873802
9487,295.1580778700036
2407,369.22996388125887
12895,866.3668874525906
10499,797.6467337747919
5934,606.219138304332
4041,453.2018767726896
11713,655.0609500924559
11066,323.8294936723066
2088,660.8169570873845
10655,357.1400095350554
1254,427.5042700421138
2271,398.5235530556859
7077,360.94174988588264
10726,425.13881112997785
5889,333.63621229081235
9250,389.73965487592216
9849,288.4508652685845
9944,685.2272667842349
5370,1268.2349932402506
5380,1093.514188056247
11359,616.2698663394646
386,537.309189983406
4963,247.80315877901282
8628,407.5031744450537
6698,304.2122734314202
4030,435.10889006739586
3435,436.59405526590683
9279,394.32522200632377
3752,264.83350043946376
10219,375.2354821776713
8574,410.33201040069474
7146,330.2042156632299
6393,722.8463102742335
8127,316.2108937815347
1271,403.63320585839836
6952,599.1256032524699
8365,306.29684536512065
11342,1208.8166362095637
750,306.9580551435536
10960,810.6527219313357
9510,153.36614832003906
13356,404.07185400516636
3207,449.74286801993946
3533,335.40363681577753
13948,252.00517649483305
5708,489.556940104907
12477,748.2632996238478
8105,182.01191901712303
8982,767.9235483486285
3805,322.3399012743565
11974,1022.4311655628909
10537,410.65677293086657
4349,519.6453270806336
7682,236.51223906831197
9387,162.61279121470935
10638,1148.0358155445826
2767,726.6974258998242
9171,288.46336958933756
11529,221.31407301051792
9187,398.10031900422473
5933,407.250289896719
14002,443.87208445089226
1454,353.1656935891677
12995,663.0154313977831
3609,322.6818905983646
1226,597.8871936011723
534,485.4176475436953
3112,335.2498768945327
13561,246.6614181560365
8742,978.9660923530116
9750,332.19606354207116
6129,1024.3053155958885
9483,303.37529114452644
9054,1054.793035323886
8086,552.1059202830926
10112,307.2789188906719
10558,337.4060115600549
2215,480.98927792182644
4660,586.6709294508497
13980,685.2873731087857
1140,401.0724540459367
13659,236.53410633884366
8471,837.7919172361547
474,474.86090807743824
7665,542.9238903785773
4075,241.1639825972831
543,719.426363998068
7579,310.3926505247262
1087,329.5748273517845
10847,546.5040094399665
3222,515.7630641609795
8404,1216.012972278996
4337,277.48440200214606
2665,661.2881789090878
7732,407.40654680551995
9612,842.1054832261706
8148,182.66571945154504
4113,297.20592945722046
8778,303.4822908245464
13524,410.01778437404164
1007,1074.155151496277
12511,276.76312526973976
13952,280.02609204990574
8891,321.21647277087203
1386,732.9428234339814
6533,330.52604416054385
4149,281.33454389315517
6804,612.3588037009225
11210,873.2603972467375
8274,693.7662434952172
7825,1020.6008581507296
12267,514.2083737727684
13730,203.5748171856007
6351,722.4477784392265
11137,503.53836284341475
14066,858.0474743632639
7318,388.653858215216
2190,197.53956334445397
13811,210.8697104769122
4247,713.176878873819
12941,384.09650876258894
4516,1227.82298795464
8128,242.63924123361414
4606,219.66082756742472
3612,306.93471506131664
5982,1109.8059817723354
1351,688.7949519738054
13487,345.5187460812406
13183,674.6740802722388
5529,1137.526718815191
13920,195.857623524065
10882,463.59796287263094
5689,404.36781633182915
11470,263.41924408365367
11797,288.0977029676454
4507,188.43332033655872
1394,434.2810273856085
6741,313.6127335905737
389,1095.6776368502178
3657,436.8242975684094
8664,429.5927615608589
13620,815.970063814484
8020,406.82747884109546
1936,558.0541855701266
4665,317.6609597298346
4456,919.3201587613211
3782,1203.0616336075468
6721,555.3117565760318
7820,303.93425029216974
305,341.18590759458414
8803,893.2782574205518
13746,948.5851592407281
12032,319.8567936849564
312,619.7606788330562
13334,349.39233214343545
13748,360.994850812011
2146,272.760903869394
3234,688.8287774850409
358,350.21004658957645
606,336.68503160829647
13035,271.3865526605018
6139,418.6302005428118
13847,222.3663208847582
13936,312.55707046221977
477,231.75198608648532
9441,462.6760592728644
13868,589.8167820349018
4748,421.0360210415947
4339,516.6726217317728
14060,563.0923042401324
3502,1250.4361094767105
4897,771.291248111894
6404,297.20330727223836
9555,491.2358093900754
7482,424.9519496159525
3998,607.4932623257209
10403,458.65663015184185
3945,418.4029217881473
8765,935.3847446100698
10039,328.22928621419965
3964,737.9481152587687
11807,953.6606338837995
9314,1032.9407008598334
4920,1069.6298955644731
5222,377.68674788358345
3194,430.53412649472386
7276,537.6711949156622
1745,750.1882666990927
1660,1181.0760172301416
12548,514.5348132961241
994,382.8140813352401
6885,404.51568271433035
4642,266.3071528939805
11599,500.30715710542125
13563,399.8436422983471
6024,1384.8596374916594
8516,605.2449075318417
7656,444.4667307783724
10128,923.1964891954825
11206,415.7338094144581
4105,383.9987596184158
8979,1223.282353887159
7707,387.0421767773063
249,481.1051582090703
8179,660.0437244519253
13450,472.05202416232277
12846,225.13053711059965
6238,357.0974946409786
697,531.8668077562795
4047,1466.411169503008
863,339.5571601857551
7268,341.1172118993629
10828,734.1830265277675
2178,422.80979240979264
6177,149.63260720246947
7989,705.4501864609584
1431,378.5121002996339
1321,505.21692034602336
9330,343.53564888927906
2443,245.99192127544862
11069,716.8148410725661
13039,219.45260561755322
519,380.2771503805398
3878,881.0480435495174
71,1309.2050024881028
7069,1130.5975650940768
10948,618.0323465405173
3624,517.8172361799867
6204,852.0884732874446
3434,649.0399309935965
12103,407.47586532928125
7262,592.6404042442618
4640,366.836118336164
2663,315.0326692782757
7106,681.0254402472767
42,425.63167917849813
2656,845.7424899575775
2612,463.3603564578823
5804,628.8863135811582
6088,459.88075508223085
5147,404.73793399568626
13272,424.01224646316257
1352,490.6969828271307
2040,203.05134977408687
5565,443.7578586022711
7677,912.7922302424587
5383,1209.2779954552861
2849,268.6258766289063
7208,433.92682767601053
1311,430.4364531608652
4107,265.9985468390413
10623,1381.7715084250424
1483,1183.3666491668555
1656,322.26309938662115
1945,617.687247256323
13945,258.8105978598045
5884,442.50924063274067
13461,896.0158716862566
5260,208.32928267157678
5126,919.7868144815632
11724,1357.439157273079
12447,355.46494100040275
8969,253.66114853354958
1534,245.18295751324754
7626,467.011481859644
11530,362.1692287954862
218,355.60601602665093
12371,204.0459992879677
3911,938.7376347220245
8798,973.8484985478665
3527,785.732646637224
2629,378.87392650176656
7043,315.2119549834458
3670,428.636815466551
12326,181.60743040555465
2596,378.87392650176656
6827,379.35796395015245
901,525.7015862874919
185,510.88555043010194
3017,258.86977462443343
11221,542.8772263577428
11791,390.2617355012946
12139,661.6056300410322
9620,252.00416459478654
11455,615.7051999463612
593,637.7000765673328
5702,699.0419351618159
12123,256.13427814770534
3903,1146.0794605720157
539,470.2883834648965
12584,580.9731691562022
9878,451.725586404057
14042,418.05225597267616
11076,926.9738117143523
11680,428.02593204742647
5554,420.0629604090084
5149,1091.8477439658948
3773,321.02473906726016
395,428.3469403563498
6840,1425.1090536329032
7008,380.8859489173889
8407,1736.5604120931428
9415,461.8714592671048
7661,278.9509448658022
4338,979.5240419484355
2158,451.5951098980323
5197,666.8977814579474
5668,1192.0639839198022
2426,977.9089045839257
9100,222.8832117393966
10008,375.7497691445571
8757,619.9235163839033
5351,438.31338915482434
6217,220.3839085669642
13684,907.0880185041487
2352,663.5782710835505
13875,398.3626515380848
8486,981.4177522304748
13534,433.973113299654
4619,874.5569596922509
4901,445.06495105418566
10285,286.79288246437756
466,940.0142412705712
10888,2395.7979358236385
114,406.5379771351496
4449,1004.9224994969036
12948,1027.3109645975708
4376,323.13707206607546
10246,962.1660628613773
10357,504.79517997942065
36,279.23996647435865
3661,460.8238511889378
12301,406.5839306330608
13157,535.2014288039811
4950,407.3119448591606
8720,350.6141581986623
2324,150.40951872120638
2857,299.0331460246953
13106,947.7159478129454
14017,1010.2044602217424
869,325.58962231252633
8758,254.6835338070265
2345,654.9874120002775
3943,796.2972951081928
9344,555.7758134778579
5461,458.54458323411956
7771,753.8586388023203
7984,316.434640485147
6347,951.1357963084007
11733,395.6607418206515
2949,342.11498506388534
3064,1135.996756544886
2055,335.7659548676012
9698,588.7827036924705
12011,220.7936466241939
13128,793.2037091677628
13908,323.89293850428675
6970,455.2923772424569
1373,424.89204420347664
2022,266.5972460006034
2367,360.47538419314304
6486,365.29856487598573
11837,379.6763364632035
5971,357.6865002115867
13604,264.2483225248627
12066,791.2933591255912
6511,299.855784259696
9621,407.0713613540262
13592,568.0924631642637
11922,887.1976369350921
11931,710.9312722165721
11228,300.86690408280725
12156,1754.3259730606824
10492,219.14173675326
11860,332.17793425976885
5717,334.21274184334106
1624,499.64616984245225
10946,523.8371796821702
10331,409.5162747424412
7392,935.9096319019195
7368,229.72563921695559
10782,1428.1202704296597
1702,214.32674030013348
4873,538.7060701219731
7285,1077.6709050511552
2616,985.8283880835448
10910,455.07711578328724
6642,437.742914467251
13782,360.93216515634845
1027,421.0566233319336
1684,340.99108200000813
9211,277.1290906142734
4707,362.68274357482477
10052,442.65286375266714
10602,393.4756685500882
9614,882.3169960961933
7673,638.5699744421784
8870,353.5338587235376
1003,851.3645820602408
9472,811.5320405821969
9231,756.2706645139225
13096,594.6812013187441
11657,396.2242120088898
8411,1266.315864625803
1218,378.6315223791925
4036,1070.4990336840149
5647,2294.5253011408
8002,1031.417677897218
3211,420.5730539225068
168,444.0408544713205
4058,1081.3903310507285
13442,202.52110192302774
7533,222.091488261952
12252,388.7898313083108
8608,280.94131625305687
4696,371.85099542614245
6390,374.91692713925016
13777,607.7108441915575
4340,959.4056818865814
7796,245.98777034643922
2859,523.113331390976
12119,339.35928764882436
8510,1116.6254964105683
6651,950.9421600131908
2532,1035.4134083400436
9845,420.38430797677813
4863,1660.1580980341892
5404,305.5234084519796
3882,454.98954628805507
11282,228.46244353456456
3488,425.5944398243207
3387,302.16176875467954
3756,436.0595868463437
10262,910.5674411390297
2895,535.6066769836916
1200,1918.4619317043744
11110,315.1164807333247
248,371.5565799223688
6128,382.9268294727753
4302,619.3909783312562
7900,284.6668475792402
5513,159.25036223489863
13881,453.70570819808654
512,1451.5406655308684
2877,416.36924597257524
8741,209.16322482940436
6180,1053.8627453219212
13269,363.0626329807228
13695,517.4435958118476
8910,626.8927162500718
1808,753.7272064490727
12661,507.3019436802965
10467,331.7591913147035
4129,414.1633278343539
8224,500.50964090708237
6655,374.89416666479286
4852,418.26359087972924
11168,293.249115193316
136,279.23996647435865
432,317.5153704809459
4099,279.3768374323304
3669,362.7269221654623
13843,496.5081081077833
13882,371.1983342094527
2799,481.32863218586067
9841,1542.3089441487946
4418,386.97671978050613
4966,538.25388424872
8130,399.44627729775704
7592,559.2337476667681
4992,687.4114955086587
11256,428.1516556300347
6701,1439.388975874174
5225,508.4480843436276
5768,543.8383504785701
3577,263.92904368862924
3147,398.63229855096586
7203,453.90824160826173
9859,540.7352763974956
5285,530.3348428579837
8204,432.27038720320456
13049,400.6763298891268
5307,518.9480736733891
4094,266.2136070162124
5226,647.2082755368965
2456,470.90813322085535
13637,516.5780536461853
2860,1085.722233790895
1587,350.66938800389806
9105,812.3161167654207
7943,266.0885959002979
6593,640.7434414081793
6483,401.7482417296137
12778,273.2857768252944
938,638.3774026577497
2597,381.11036907358715
834,548.9875035607042
7022,1209.73562671428
6399,350.4833302885804
9082,435.6598392296314
873,357.64721897928416
12437,460.631733421841
5407,298.45216028421817
9402,683.7542419388136
1176,1119.8345434961313
10781,782.3833391169348
13000,394.5336924628375
4238,343.8875328297414
2677,1424.02656372379
5457,206.0705073186832
6114,368.3414285426417
1084,417.31304929374534
11636,295.9961831582564
1685,383.99147225001434
11844,494.8208410807043
4794,1093.8784139865793
5932,891.7474185889158
412,265.9428374535612
1198,1217.9530228788235
1484,1287.1434866056288
13276,318.87531139721256
7448,380.5763072586635
1369,764.0590906835056
12196,207.9569703908024
7239,505.4669069842071
6631,525.2888923810307
721,384.18924030592837
6909,520.5985054023971
9144,576.3069831592899
1434,303.85067986264943
12253,1033.2331491633283
9469,1813.8710097872367
5791,377.3114380224301
4388,526.4201206341342
13017,653.2122539065005
2474,318.3371791739437
9856,1075.1312979830338
12665,468.6630718873958
9364,145.6096692626441
2702,153.83823399951083
300,331.06824206168676
8426,299.5053703092263
10615,249.15486088500154
7380,1401.949588955886
4124,547.9348766210649
13825,1663.4310234636519
10346,300.2050275911794
12848,270.3707678984856
1399,504.93526491303106
12604,607.248344423181
3215,428.78081778583953
2418,309.36432297047764
5937,319.12614801192336
11409,277.2402947229597
6214,239.1307425882502
5382,305.9337927640119
13679,1288.6623730609629
4309,326.2277072396906
1374,166.23085721211146
5247,301.59516428176266
1191,347.9044520796387
6434,967.972206969684
10657,715.6452129878523
120,420.7086302766552
4609,654.4641996532772
9691,933.3900015375889
8078,150.80536351513746
5262,1057.2830868947456
11806,540.3491433400113
11117,255.16740999103968
12859,286.66167597731317
10514,439.3370422285649
7600,692.4773582071173
9799,385.609645672939
13153,572.3554689562012
658,617.8217987376704
124,1200.4683629166366
7965,2335.127621701547
3335,451.67683508423164
9975,477.4556906758514
13294,545.5343684988513
13949,460.2297366285556
11571,496.18326282362517
11232,731.4137224737743
3450,720.3248754758822
10319,803.2081356677074
8026,305.67587691257756
1327,745.1850153893815
705,676.9368420494889
13505,196.64605355137786
9645,320.44721951225847
11413,304.38049116288914
12322,321.2400585227591
7691,1134.747718466645
10595,423.8990757357686
2168,1336.1606178549705
151,547.6944433773431
9725,1031.8346599818015
8652,885.2828473744055
3979,445.5441108306032
7061,292.8721469898793
8621,394.55816346141376
6823,480.4721772385676
6551,1311.464734427116
9895,247.89217046866764
4227,722.451132716228
9114,266.29988770094843
12838,337.9985580884561
7325,476.4221254936527
12585,324.43509175013656
9393,309.234423891584
4833,277.30523946738447
12241,966.9175340601562
1731,1703.6108373785466
3835,633.2845043047821
5569,378.31289687383094
2513,324.70648798244855
9630,345.4069157461989
3308,295.89833095114705
10975,359.4494688732622
13054,262.67642119092096
1714,548.2132581012752
9316,489.14699773483886
2255,353.17279074336466
8049,275.5144094488727
2100,329.96958863428404
3022,807.257275289618
2123,712.9885827466827
11336,721.2381960533316
6742,280.7053923832216
4636,795.2081953225927
9280,317.47485175643635
13815,540.0317948312461
8845,408.73769122351933
34,1161.6001448103775
4683,760.058993967447
13417,405.71223106704383
10389,436.98943023609866
3044,462.2348225931915
4851,709.0756042320272
13071,1277.593625800822
11967,191.74745525137502
4715,1096.352431097253
13728,271.72034170339384
926,339.7286594860753
7894,508.18269538343435
5118,488.8656160523076
909,313.06253212211004
9563,358.9352774546726
8425,392.1165021301095
8012,448.64108375165796
12360,332.70722636981964
10448,374.7147287786972
7587,240.89670408872783
9682,872.3028240817398
8262,569.973278124828
6926,627.2132866842885
9977,466.67818825840357
8065,422.98704045818033
2472,548.9678481817448
5997,383.340075424412
765,431.73104284778617
3947,320.7590039485115
9894,282.21164000607973
1086,440.6512070662775
7802,440.3927328917993
12335,1444.2572393262744
7338,963.7385833529192
10965,657.8602145597824
10591,434.52220052783383
979,313.2528855166631
10273,1229.5490558825
11467,328.3253484158856
5845,621.5421083456691
2630,381.11036907358715
51,1200.4683629166366
9146,419.8993554909387
7500,456.7744951754991
8881,269.5991747901164
4537,921.6412373562425
7200,262.4986739154721
9055,428.2893804068074
4330,326.0078079270554
8824,446.1190416879915
1409,376.98902361527286
4514,194.70177965871676
13539,322.6430376510859
9846,970.9965032604165
10418,430.1759538734656
6516,324.37234006455213
2901,289.2611933497933
2216,299.4133722328628
3106,752.3370686894025
10833,373.1552509118466
10009,197.39135401249374
3438,515.6780546315798
6254,879.0076509709662
5961,485.1718843742491
5613,641.6093583521966
6978,355.28437164477447
8830,542.9106525753357
5897,398.3701075549793
4106,314.4701749858322
7582,253.08782583345996
1600,388.0338805341633
397,295.69540405439835
6406,1007.2707107748415
11466,329.12983599009425
5501,259.6046075782643
4396,451.8230277689413
12889,394.32218520853183
2639,711.6490748744437
11985,538.2042992232344
7319,487.19706334135697
13046,193.73168512219917
931,133.71500792665853
4739,461.83494655174496
8060,641.1899162932854
818,671.8583773896449
435,1398.879629793556
2803,740.9458772331192
1036,652.9236666480164
6127,336.4231661205207
7874,642.5239997786554
6791,222.42458064454078
201,521.4966765274215
6959,312.5875061096906
7854,399.5202990378478
12164,661.6842545787634
12397,478.65582514703794
8601,1210.7822072638867
252,325.3687552119641
612,541.9234072748282
5712,361.4625188726045
1513,715.8838949560695
11917,1268.6808170982756
9412,396.7730821771866
6287,726.4203371165436
5319,1341.5429612055889
11216,1000.0441595935469
2627,817.2011499366663
3449,282.47796859853656
3814,344.75919143460976
150,324.13324892744265
10173,330.9561231327955
3412,152.66710546575777
13676,229.23486338833754
8898,1471.876028955596
1749,345.9818171871667
2010,352.75919780695006
4112,909.3638346803695
8903,621.1405873137785
8835,433.43880867158197
1403,578.346956200021
3560,386.1283899269639
8250,434.1638727629837
764,1014.6857046636164
1912,331.4116600820942
12144,515.4928272793961
7604,354.1862231135408
7559,419.0482524646658
4692,562.6638658190728
9553,523.1763705274296
4811,359.39889939568445
2233,1096.9369878866703
7765,265.55057099489136
4835,203.23139926811345
1651,542.6065554467931
9404,694.5680288767086
5715,322.74716767698266
4193,583.2236486791533
2096,409.37754134341463
6696,339.18536215776265
14104,374.7828359002128
9379,310.7917418789327
11690,614.1976979390017
12336,156.00094549725003
84,299.56220563491274
9707,528.9757823779182
4937,603.3659081736547
6195,394.20473595404815
8704,355.0372359924781
6537,149.77302011601802
12818,800.5596025344652
12473,1890.8152579672337
12906,349.30787645424897
4527,484.30390780424887
2885,302.6186337632609
3205,574.1379269244978
430,234.21415532084066
8938,649.3785067277732
9941,669.0969020498753
7284,805.4238934976034
13666,835.2340405537886
4216,359.49107051004967
3509,236.43229215588485
3885,307.82755696509935
12467,927.8355025598199
3520,504.50686718955967
8846,425.9276167717915
9568,510.67298096728683
10932,286.55513550932153
294,875.710738748739
2449,370.24980623453666
13375,361.11832530527283
10743,468.4798804064769
3195,1108.1112109989083
8817,1164.8734335817276
638,528.5413333450799
3703,598.9656399647165
654,431.84791189483263
2761,741.7080165839932
7443,598.0011858732909
12035,838.79048730973
5338,322.7336664949053
14057,648.4725112651735
6428,1507.2856588516831
3116,459.0574360046464
13113,529.7861976643047
6012,833.3982820719552
7754,323.3147833173435
13502,429.2192882015675
1954,1291.2597432329287
12188,282.580280375076
11155,386.2944546122568
480,638.3983987653601
3088,406.03844386577214
13410,868.0211951332109
7666,532.9702692274788
3579,626.9301270389441
104,717.7593704434684
14026,360.0712915540651
1158,407.2333255318827
5287,409.3577863491948
3564,1557.9727361895661
1384,444.8336655665916
10929,1155.7129872856985
3448,242.46607818159467
4415,506.98871848625106
9246,438.6174424705049
12566,1125.913142932885
9744,1286.993281573027
648,931.2060841064803
10719,654.5818646727718
13857,448.8235445532039
9713,272.56844284134706
8917,355.2156798097574
6308,374.0899133046871
1458,503.58897677455616
11028,590.4680925206696
10363,437.3009703446063
7882,426.01262576828725
7829,940.2303271632273
6951,668.563710632071
12522,307.4024247186197
7464,670.9586533166033
5364,389.531659939564
11456,2924.7849735831514
5412,306.57613110956777
5362,1366.7077331364346
9222,233.52833962100198
11884,237.1392687684238
544,402.9806026248243
4097,318.9208329897015
6558,266.1209868692004
3887,175.0180441037579
4784,847.8140312119656
5108,322.64555928309017
9545,442.3736118257014
13942,283.3675568870306
6851,532.1828095672427
5313,1224.3621306592186
11165,281.6627268528561
2134,947.8554639634735
10001,396.0346320724773
4421,1271.7628838941512
742,557.5007011542815
12427,331.3507973576447
10863,446.8648631191459
16,838.0595974953065
9956,444.6217744713312
7855,568.0086625082927
5938,183.22078877970048
7594,826.4207770194419
9747,397.9098635811035
4650,379.2049367358576
11390,1139.1180290535654
13931,263.2114776795998
2797,293.7853509748094
9339,309.200142732196
3725,525.3589769895977
4641,817.0025527489322
9261,428.46516460271243
715,617.9100010501983
12034,393.74593299609705
9699,357.59913403061444
2526,517.0780083296479
5077,374.910500340948
10611,316.8944491086348
3315,535.3490292646028
3373,427.24269965482165
10911,1965.4265169249634
2865,332.3519927905282
2488,439.98715733171565
4246,2052.5676011542364
8963,965.0821110106451
4451,662.5762315561984
840,955.3188666321366
2699,409.24001735198453
11896,474.97235999173154
10185,1514.028381525476
8737,353.8460768045186
4128,1107.7135351602794
6932,317.0716711153907
3699,295.39174249565747
2471,376.6821733886755
2772,348.87061337656115
7458,369.8271535775428
12142,215.16188933265852
745,250.6841714667379
9354,215.88373809845316
5515,984.2618411262309
933,346.0160304436716
1143,363.9943943638676
11796,378.5545014091791
6880,417.9828454396938
12265,913.8495965846791
6888,325.06053173732573
2486,336.67278526398235
7052,1216.319322968094
6074,469.4808293263859
13716,254.84491353855768
8966,682.3616948907988
4150,651.5858554504814
8511,748.2075244913557
8642,389.7979882111435
10131,417.5047455088553
4520,203.0772860969191
6282,1320.3101398231738
13047,538.5066598015899
11575,895.0259170668338
531,469.04487168413016
9724,1208.669406851096
5850,303.27560471469366
7601,692.4773582071173
9414,767.5747316559335
12688,990.7768305331464
7485,629.1446750671188
7182,394.46915787135237
9515,421.1063587380838
4973,198.4705732208631
9897,943.9958685929025
5904,502.541508285747
8370,389.7332956149521
5441,436.54426288949304
12455,732.2787833044645
6670,368.97231810616927
13835,213.68375290764175
7723,620.1072056725787
8061,320.53020889402615
2555,349.6888690248734
4116,559.0090927642669
1298,438.98460896809365
6459,461.36487803216556
13930,160.24682224074868
2185,386.4269004680039
2129,1045.6117739329825
7657,358.20657749290416
10991,444.58921862600806
896,843.850880403985
7937,262.1361290915052
2985,810.9007639418389
11809,766.7403208174636
13826,241.25276888321642
829,329.6498651112373
8374,993.8511617192321
5484,563.1473053383964
1227,888.5172164489917
6212,190.05117570230524
7308,560.063443495199
7444,604.0336274661548
6149,384.659430640883
6811,390.7044474496187
10670,1158.337640394832
3823,653.9141889050164
13508,407.7073514920793
4732,763.6568333084617
536,512.0533954242792
2914,194.75001339398477
4103,299.30138162105527
6992,1700.5281804222668
9911,395.0728902643204
4563,369.6373907946246
7615,559.4189606769771
8693,350.8254155052797
12868,478.7220446047136
9624,434.6567899167365
9925,412.6999894899617
8207,174.6482837988081
3636,350.8785863250414
1179,585.861912774
9413,678.2042667277459
9812,603.4244265563283
6085,894.387470253426
6995,319.5651612528151
6261,2063.438869901107
10187,472.8989839262448
2679,463.18284952911915
12930,269.08396698745435
11823,311.16000223279633
1044,514.46578010962
6826,392.17991809955254
10216,750.6603203112946
3372,751.8676912742101
374,389.2282062113964
11351,483.636871185966
7316,307.33507313257246
10984,922.1195073518884
8964,339.96815331393253
13492,199.34478776630812
2151,335.4565847676306
3462,239.76029936732354
9835,729.9988640228545
5858,365.0625834909995
3129,1056.4112751731884
8639,293.88849324090256
6608,472.77166236585936
1492,290.8852706207139
11932,811.126936284406
12858,827.156968135258
9007,1026.6216712796595
20,420.7086302766552
8234,305.28136998462696
7748,869.2127988141214
5682,311.23899494920664
3252,912.1852057017865
4437,988.2260826992234
12165,912.4862343661468
4615,283.3822709664603
7521,315.18632667431643
12904,1360.8717420108992
186,492.6003746817001
13934,263.2114776795998
3296,1960.4576423618487
2391,461.4259646906
8769,919.2910034108936
8405,805.4962782847996
8401,270.42445630869395
10727,589.2329855071664
5157,312.0713838438522
10497,161.8519125708016
2358,238.0845759412301
5564,324.04215674159417
9076,1021.616401067161
2992,316.9548196537623
7785,997.4587076989899
11242,496.85875844806185
4194,680.523968992441
1985,1258.8284695472125
1471,267.858706852065
5822,433.991389440321
5949,519.6450687476405
12006,906.3443337295973
11033,847.8405387575175
8872,646.1805918264407
12998,337.6615685857237
2716,406.30986980018145
5538,309.4582574633657
11070,602.5322313975645
4829,580.3094895844617
10036,361.77163546785414
10330,399.27116459189097
10723,922.7396304368759
11122,770.1546463275907
13466,766.6890584715117
8482,428.0432336105497
14050,565.662777585707
8132,393.753560137973
1237,419.0096632799222
5325,396.6432868137718
8050,179.09265177858182
8084,545.4024004278581
4203,1073.7543107536303
2320,1115.1761513412475
677,797.597193115635
3291,899.3913928853043
5166,686.0009812163054
4741,414.2078992649679
8145,495.0273682295264
922,411.6868084479892
12474,312.3977734563266
1183,1037.1213979210443
13560,488.6211322039371
12816,992.0809513771496
3018,919.7794928767818
222,753.74132041066
559,755.9583616766527
1328,387.39060615590597
9980,451.07848377737963
4404,916.1117553026161
3108,1099.7193341131847
9451,373.86069105520556
13905,197.40086155228346
10708,376.44792254090163
2021,435.7728498694158
10421,412.2701276287631
7518,501.4243462557256
11899,301.3712631100462
13048,294.91593846494607
334,1085.805237202535
6206,297.62384450581646
12069,749.3480607259861
6209,1086.631456988223
5959,590.2038526712902
851,424.53228009997895
5720,429.2658138620408
2792,428.7895605134164
12122,215.40851613679237
4085,394.85662384737265
8629,581.0883669147515
2335,704.6203878555018
4490,373.709218779464
9352,487.8929571976539
10775,737.0168407772445
11755,361.86388950966466
10437,301.75599718190665
1666,439.0705030814965
12061,780.9685132938284
8072,406.6167432164292
3547,637.1692959604845
3976,482.31465342296286
9643,267.1589891575284
9736,1031.8346599818015
13731,268.83434066591724
725,755.1584468959663
12446,297.5954177226594
8615,601.8097943764583
4399,398.2028139699264
12750,234.85265741709904
13981,667.6124060991111
12408,548.6256269558157
10789,493.90569555854415
8659,222.01140979403317
3839,683.0906324475739
4296,535.0535759754983
3821,862.6250591993071
448,1125.5486994524479
7809,1087.13491232833
1792,1448.7777131987798
9069,429.56876379508526
6158,417.4464050292582
9598,187.38725179861416
4326,343.65794195150846
3170,684.3108507916436
10807,580.5662560037239
7250,533.9038460879891
7992,351.2777929838625
10503,901.9540710291197
4979,285.07387871348953
945,990.7741701005701
8721,478.3637573801577
10293,328.9607495120167
1548,280.7173343520906
684,278.40191183990595
3985,506.87168378591394
10722,910.7457841300438
7094,482.34682527264
876,811.1625904040524
6998,1359.8561224411503
8529,370.71783438612647
9967,387.3214874288369
8168,659.3097223376541
12472,221.6124577514511
1316,358.44406050945616
1881,1491.1110743373958
11051,312.02672853560534
2003,813.7116987893301
7709,388.2522423242729
4951,575.4284659141248
6887,960.5353554100865
3430,427.24187857545763
9086,431.0767593706277
915,376.4994132750468
8286,516.024703043761
10646,988.9728232821723
4686,448.3349390298262
10780,692.7615814021851
3099,1984.431612836307
3652,587.2551985217261
7913,290.8332888859986
7135,603.1233779336153
8063,254.30177499533954
7075,508.1113924830363
13714,710.8777227573415
4787,249.78636120760066
9968,627.157130319294
10392,241.9881448145428
5246,1428.6927142534587
13228,425.4666501788675
1627,432.4894230611943
12414,424.2001321889722
2586,334.1687300148245
2413,237.99937394270157
1238,430.51987120067975
9934,276.06455794809756
6735,645.8032421710864
102,814.8437720631154
2681,391.22669024593216
1622,606.7169443391043
3426,311.6161652807824
12284,271.8766993064795
3860,336.92067480627094
8166,225.59473360381074
10906,929.1573512423028
1356,330.7727169834326
980,403.3991316255968
9748,192.23227405335777
5684,539.0530711511112
12752,205.57773476076076
14027,733.4236872487919
3818,1287.7573567639479
1489,242.31572743172194
13907,456.8031393839455
1098,1115.9225717260767
4171,368.61823031455543
1019,390.87480906332144
1154,1182.8503778002396
908,359.8563361976555
12696,887.087561196397
7306,483.46313020543215
1706,330.6615182595176
1324,331.9697552861159
12359,470.8783107087118
12587,479.7143675893461
4756,354.41558515648416
5968,679.3214263884252
8564,500.3978701845033
4095,398.1045101060773
8036,274.410015112079
7560,474.513218753884
4126,484.70676494650445
8108,1360.524550654877
8032,665.3654277121612
10364,372.62664219232914
7093,270.44473525720156
9034,1083.7919716322704
11553,341.46522149378933
4131,504.2633822159161
13477,376.53690901993957
13734,890.833978105341
1509,586.6578016516962
11829,231.43850575341133
8714,188.45042893735845
10649,458.2252857741184
5435,895.5001362462697
4239,316.8399909116136
1603,981.9955451341949
322,340.0999778836349
8125,204.05398147059134
5666,1177.5593935943316
4802,988.7920198254723
12643,1141.6681438405574
8700,298.41022724095143
6704,1030.8558244750307
10010,224.8319751981693
5422,594.4345230926064
4693,388.6471271127337
11238,222.73197534471018
5749,464.6289194454774
264,789.1108663078136
14091,1024.5670622567234
3464,208.84604690784033
9376,151.83196575439266
7221,427.5530493811001
12365,391.99016490403653
3470,610.3715194529663
13115,535.9926080826995
5991,758.2483393946571
13484,508.5500311370334
4455,442.67161733062454
11111,379.114059423473
5272,846.4053374800324
10773,507.96515122744995
13850,401.6878758190984
9241,1305.642215069152
9809,183.69275121018234
13768,1397.1940270131104
9196,338.1184670722678
9594,1103.8349671895728
6358,1281.11359689432
13191,621.6634700812892
8293,279.48711778954265
8522,441.8825057443646
7564,1273.0299395095558
2445,237.40403325813134
8944,348.7324558869602
3329,919.2163399809059
7891,1281.4134028272058
11053,691.1955741326174
12564,396.9733532930592
3423,393.09907117772997
11174,721.6039334157457
7747,1365.4408803017723
7342,394.97724914348487
6884,859.3992829297981
968,186.61951190755124
1946,295.1489354888304
4915,940.2886169352169
3289,1876.3628698053567
96,369.0567733730691
10651,399.8133625874479
5665,1269.3155901603554
8369,332.253447520741
220,382.1656345961991
3132,1088.3224330310688
60,958.0877118306133
13197,370.5555497658954
9432,231.73924367886357
12518,392.42033974301415
10485,760.0087409435271
6190,232.12808253052052
462,489.41387237175053
4769,979.4182687688218
3795,270.2341314694687
11492,617.6383607555252
5596,607.4408375849428
8115,315.37153864468246
10326,429.41926809298735
9474,555.1180045663434
6968,937.175330464343
399,527.1360076484195
13583,331.15728034500603
12458,448.80939763586315
6106,1537.0670119402876
4722,643.8294343177481
11660,202.58753209693936
10581,1010.44179747001
13979,443.320139113935
2309,332.10329304867474
9965,656.5117164403077
10060,353.6848496501887
6632,1063.1326657886204
331,610.6046039163567
1787,465.8196101749753
813,331.8593446701397
1979,459.23786518427016
11321,581.3675137499499
614,220.37014386373653
1283,493.17777317320036
8290,504.66133746128025
9005,5132.335746359291
2615,307.4810161927276
8258,334.1403285817871
3799,606.8831330787916
11804,175.914707589151
6753,349.1336910993113
13743,170.98933969243632
10456,481.30520957330197
13181,372.70107776683716
2406,854.1815794457528
10577,388.74602739399916
3910,891.1410158946776
3707,664.7068054073123
7050,438.02725512148845
2030,327.504437390407
13186,219.25953162753592
6334,1054.184974589185
6878,557.2651092321761
10105,559.8753695488948
6868,396.63694698741557
9782,429.6231487444968
6936,783.3290091717057
8399,299.5452885633458
6562,312.64313753449227
5035,344.9163133307165
9210,284.53921192605964
9537,415.16770919825103
6577,811.4423548046672
2752,470.2460730012305
8542,692.5004040862092
3801,338.99927423594465
3060,330.0475712785585
11663,258.54105682030513
7460,995.8746839737101
1732,431.73997141306677
3541,422.6321474814721
12205,393.4148651715856
8992,334.5488247031829
1167,874.81072309301
1452,412.88651824426313
7589,778.713841300492
4251,1621.3472375416409
9781,581.0570914578847
3080,335.2668533535811
13163,340.74063826493415
1944,333.9738278621607
3121,521.4336834869035
5509,465.829178906855
13509,681.946287276303
1348,705.1956093961212
7585,397.96498948285694
6661,286.6187789518385
9629,637.590740267916
1209,641.6120362915291
4922,365.1103021704587
425,231.49718895804767
555,340.3607361465469
1955,938.5484985777326
9298,392.642177409588
8710,229.38203776368655
8937,315.45333382396694
4717,621.1356865800466
8362,1226.6816480702914
11073,526.9558708296822
13792,1740.616740708958
5478,1383.6557982469872
12233,479.8649388364166
5454,401.8147933606351
13373,405.0314275847675
10243,401.9652734240002
6949,591.1183195623589
6453,325.2672135331286
574,945.4138719263672
9628,1244.0587099211693
13790,884.8880382619096
3091,457.2067232000602
5744,367.2172066607951
11634,235.25485924298533
2421,1011.3696806873119
7792,340.58261900067424
69,503.26200392136485
2349,352.3836918552007
2376,251.78826796438474
8813,416.0101154224963
2617,506.08607804306314
12888,394.10409249622023
1596,344.96627957711587
4903,372.26740630402924
7653,499.16025227474665
10242,1451.601493713636
12701,377.5118244596007
7249,326.3374695114036
246,155.78911038730928
3071,854.0257058925359
3016,1012.7297019739106
2900,231.90163941891035
4004,497.9928672234623
4919,369.34163757185803
13189,432.1237942985371
674,325.86103064663166
4731,623.3095737491054
4871,972.5085222615378
5020,165.77714317150378
9259,378.4930553510667
3861,1862.790168759996
13690,368.7876423403385
8918,320.39329657861737
13865,208.28325007772764
2478,570.5209263035545
3949,284.10131768726757
8493,409.4730109348676
8525,974.2685488292664
5951,935.3441602914218
2037,418.0281312795973
11188,319.9359969916909
12953,130.24132170839545
10451,350.86404014866264
13374,447.10517257733835
1428,415.3541930471211
2808,343.43653187442
8484,632.9472615381119
6671,456.04623119686954
4949,664.3012175662507
1414,398.03466441253323
115,655.8916195686198
13574,1073.2258710311608
13537,425.8892558136399
231,343.5509393667865
9738,1053.4085208488257
10597,484.58784276276407
4157,765.2087990611789
1521,432.76263163783295
8455,432.584056621891
215,492.6003746817001
5610,945.8496159521603
9350,419.4510281406513
3257,423.5200931338485
9194,1121.3160235391226
6437,397.39885460597515
2183,231.35260655904904
4329,343.6773065745399
13662,516.9226095873614
2806,1258.5032467896763
5643,901.1403102607218
8858,1191.7313072548382
2969,304.2643374650801
8541,711.7064581160159
6197,385.7798751606131
6084,420.7884557544622
6828,363.426441432808
8116,511.8289825248597
13076,1249.084517424601
9635,274.5594311806402
9226,336.2797298666319
1499,751.7110821041401
5849,361.3598284881996
8954,743.0345716250644
3493,172.87295722644785
3442,846.8053079314249
7039,395.34514972673725
12538,490.2382059424966
2056,281.62561298186523
10778,821.8078808372259
2059,345.9800309030586
13753,328.901272957998
10165,392.49221603874366
12966,342.5186558019753
13888,229.59299447333305
3693,313.31470999930224
8879,908.9387938276001
12614,479.48350267318267
8702,747.9764698194492
484,673.649710275465
6293,604.1607077911799
6216,198.14371847307586
4408,588.8986072736197
7736,330.81486594551734
8747,577.5510774485214
11423,373.44722476338166
8573,968.8736568797253
4210,430.60354200812
13437,988.0579240011874
3475,803.8247089902602
5690,429.6486754973788
3188,435.1499029545601
5268,1187.0588651273772
6111,1031.0886234853206
12766,607.4938207098671
6578,232.4301422628624
4718,729.2052488549197
9936,311.42961826708864
11799,833.8395736187422
4360,997.5576443748673
1415,318.35791601602585
500,628.3318295342268
669,831.0063828397913
7725,415.09132522698724
12415,432.8896357685303
12106,590.9874099373756
3489,267.0955749119159
304,591.8737277039148
5837,666.4558915669948
1704,323.0606843783309
5023,640.7584455346175
5823,642.6963893349297
11687,384.828558985637
7114,422.75525334512673
8532,351.32861799391304
10891,346.303883708077
8524,1059.8007260682587
5279,296.4355217390378
11782,995.7057439020854
5129,503.72719134186485
4603,866.4171377598465
13118,1436.103853126965
12901,659.8249080791852
5196,377.4922170644417
10299,1243.1574696898488
9486,400.91213944063105
2454,195.0636639646798
8777,353.31373070921666
1069,348.9583520878067
13542,1284.371900295868
10913,1529.39546547179
9267,368.6965916175255
554,458.6075163493041
4352,261.6316088979718
13159,354.4601312394515
13369,208.03010822869797
6163,363.16634342745846
6001,174.32890103946772
13330,212.46573208018245
7234,306.21358454426326
13538,1144.8394990737995
12286,226.23720039567343
12364,332.6909729698241
9271,431.8471334320477
13040,289.8393117875249
421,671.8505288390436
13916,345.56179024400353
9559,1002.9982627509771
13786,512.1567281981953
1497,318.54070289906423
1048,740.2059478779632
10941,381.85131465038404
8216,356.5927832194296
857,423.81325840183894
10267,545.8063609704251
3483,533.4631536102695
13533,228.8574281915454
10491,241.84322119470576
9919,377.194859233538
10624,254.68793838053804
4955,503.1894083640193
6867,746.4242882615567
5853,1140.1657633447269
10171,1366.4641528373668
821,719.3841671526562
1644,940.129497181267
12099,688.8439993236656
4217,526.0755348958653
108,530.3700937921105
368,709.4833191401884
8442,416.6243531545308
8138,525.733648170338
730,1283.1710068607786
8268,1344.7412038129485
11602,429.2955554635084
5598,441.53462253437124
7503,1026.3653184062798
2389,634.6853942647627
5227,604.0251236039569
10432,256.591520144028
7753,503.18339844660767
7066,261.52026198643557
9905,413.13075459206664
511,221.10699145233028
701,359.1864098385637
13738,354.92069251863614
10484,520.536517298279
10644,515.3447280424568
1278,575.9561964610019
3734,514.1256697502646
4817,722.0819279807121
40,655.8916195686198
1892,592.1598214010156
8763,891.9281378858609
4257,886.659909998921
13562,343.0024597123427
3316,415.5770793708682
2508,330.6189243845378
13644,283.6974775457485
7599,538.9274482427909
1304,840.4775292352045
3102,383.4027636081559
13009,219.66511236061217
347,629.3223413021678
7378,1227.3523800117641
11903,669.0710189519779
475,391.25973349967154
12853,480.10023567929414
5872,928.849770052677
12407,351.49732261178747
4448,365.8760058195545
10042,269.4997899371605
323,351.70429914835915
4661,1430.58856680947
12910,368.43917492104714
7640,695.2979090602201
13229,436.65156728219796
2817,660.3304746048036
4366,416.79250816855546
972,548.3499657894697
13321,530.6622698797863
3405,937.1706808216494
11661,423.80291853337343
8485,1103.2867791699728
11655,415.5432884087699
12551,378.9923262270548
6062,620.1094563745396
1202,520.9133469241145
7269,472.6634554649961
9958,354.2344657611505
37,253.42475496786193
8953,611.382960335881
12851,520.6710350297506
13732,354.91100170123
5909,356.6386057524508
9571,275.3504128678898
4561,1002.2536488437831
5710,175.70982373835253
4101,274.0430395503988
12100,396.91254387131977
11520,342.11947312937474
1289,326.34820128927277
13707,275.1756893291187
2401,774.4683528353779
13649,364.87258647930474
6000,188.1802664579701
12497,594.7380749945404
1747,490.3393505895251
11234,1192.5341829579247
3853,1052.6474806445847
4076,361.27943107150304
5887,544.8773262373923
12671,645.3143708987326
9307,376.0690857171019
11217,310.3663005027938
13268,411.28370264692904
7335,862.2638273555252
6331,290.91881616374195
211,100.15601261943912
1951,461.2808203015889
11191,1022.7287642268
652,307.29312236437124
2207,333.1283758597411
1397,470.1533256059505
9797,294.39243891601683
4815,419.32395342622925
13901,390.6350479803105
1671,774.5532923755632
2321,509.63737793529776
1953,653.0172050687692
3367,334.1873333511566
6622,705.5012581989416
13741,180.02776985713277
10024,361.43030563005
9122,211.52751319844515
12819,175.86269118437485
9547,152.47443401503855
485,220.8489086390162
3379,1142.2160650552419
899,641.7442138564085
1733,216.1544051195554
8444,417.6209643028872
11050,1135.1474443493296
7389,1114.9998931877194
10130,469.41220227212875
12079,841.1660470195055
1251,581.9404512215968
13108,522.4832969304589
2436,1458.9130230316646
4405,618.8648435018196
14025,454.15344261568015
11290,1091.5509297379344
12502,425.3825498652389
4020,337.95453324107433
2304,325.3999087359813
5703,475.3142306676937
583,677.0618537601085
9405,449.22026189397343
719,377.73348422005193
5459,410.2216246866606
9773,1470.2504004626144
763,272.1204622388187
5170,265.3750042025108
1871,335.97209512299816
11832,742.0289653158785
5405,296.6792614034466
7196,698.126210327707
739,662.8721348411035
10945,843.497013617899
10356,1425.098501115115
4130,349.546326758256
13341,446.08790751237876
9793,445.6971183918259
7062,359.6908098914147
10240,426.05197007630267
5437,502.52563642120185
12525,653.51745743915
9491,1466.3779194800713
751,347.1217166709108
13854,610.5155894537921
7220,419.93521690093456
6863,232.02203465865392
1840,260.21073073118737
4795,489.57347410584043
1276,364.4701151313381
2993,295.09497315499783
12224,169.98796107929556
7243,701.2054373092684
3046,342.6709535741141
4886,902.3870452656631
8058,375.3572407984491
2265,546.3438898164181
6921,326.1242065598104
11545,277.8337038637823
12993,335.96113139660315
8818,273.3390936645005
12332,1086.1878274268402
1370,308.890912052403
741,560.9510732126829
3066,1230.0411054841804
11631,297.0350013927602
1189,1170.258175318307
13082,1033.4047283500622
5169,195.87220644857462
1571,247.3157947090358
8862,1077.8351567365307
10686,451.07215075636515
2528,639.1389889162198
2128,1110.4348960948048
11169,353.4626772385813
6126,385.1253167686669
12623,217.6020656071969
1982,389.53388708623754
11407,270.60796088649414
7607,389.16099797805106
7880,695.4636311915057
13445,358.51818857614967
2058,529.2722454680587
9310,575.3526958857573
8263,703.049331456037
5770,448.94600932580533
11015,275.18995405813916
4591,491.6586422570522
10893,1020.7136795139024
2880,693.5356181070957
13898,184.2529437158178
2754,356.1770089782041
8723,318.0167139621554
2989,258.4995835963597
4375,1746.9072140199867
4093,306.0914744977767
13151,379.682542785137
7299,585.4792190469783
4220,400.55772321128995
563,445.5647047674017
8001,618.333954905504
11500,310.03908076946965
641,320.1007600982167
1670,627.3865868109267
12593,311.52384471239
2408,638.9499954023614
11824,1014.4193008297983
7174,306.59622271804136
8789,624.9976668989698
7632,261.78571221993843
3722,503.2017486176365
9363,889.5874969230258
13067,985.3734412044248
6652,1101.728762012724
10106,511.7286505551356
4557,1006.9173892400304
9382,363.7996530610794
5829,323.85799693616127
181,512.9136472118316
8613,329.9125084364625
6756,309.08147298314714
2219,320.45213983447474
10419,1333.1422894238513
1956,257.4322381187984
1058,236.9321585852051
12586,750.9181865028326
13206,390.6940195205885
1400,320.21518057939727
13349,435.33115824573264
4948,356.61149064671974
9910,398.8953183700152
5563,466.5884601817025
7387,419.53672613395787
4300,261.67430837093747
10620,323.5753059228886
11086,319.80446101887696
1211,891.8629246291777
11278,594.1108461709692
3394,758.6682234627399
2239,348.22565217575305
13976,235.94143609484485
10115,497.7101466934206
7225,518.49330628192
12997,453.0529211551995
9050,641.5363618748152
4185,419.2927060867909
9759,547.7141713905972
6792,400.5900464436547
11366,507.63147205649733
11971,463.6077242213619
4702,1746.0998646082724
5891,552.4867402968786
1435,526.927342755887
14088,266.16326627025245
93,753.74132041066
7966,353.11539706038644
7079,237.54735999030373
3117,828.0888302769266
10347,327.49535172814535
5774,624.508236728805
12520,296.0479677190308
5533,668.0069974295916
2778,285.1562887714907
12442,226.9716190004076
13348,442.98979982721374
13833,372.07027541534006
3486,401.79881774962166
11343,320.8034227196858
13632,608.1603559904253
12129,525.1591858321192
3468,410.041962892487
1085,160.6010671028192
13479,979.3711197348163
429,975.6283172980438
4458,336.6038018606262
5432,373.8894511997434
4270,440.77692204185394
9044,321.501318510935
3648,1348.411422876521
10714,604.7941735160048
7551,1240.3524157745906
409,291.54090991554705
11461,281.5362456835632
1609,335.79090210488704
5156,315.324491756839
6384,335.5159411998068
4904,239.67470175470967
4221,447.67992553426814
4316,1195.0098256013557
12810,250.31641883126545
2755,366.78339351688794
10688,395.052028434574
950,442.80793861826754
12680,220.77278694249762
10938,522.6595705775734
8489,608.1655688724154
11317,435.60223173585865
9442,345.804829677382
11738,913.0549023048118
5910,977.5918144859463
11758,417.89648785597905
6342,577.6075944559683
8385,909.7568592652962
1692,404.9978551516879
9587,324.0158029317578
1422,343.93196984397406
5560,480.3706014337875
9218,243.13974758507183
820,492.8086827571798
9876,372.1643947821966
4872,857.1232538227532
3456,320.36563217727434
14085,203.59265630661847
10557,339.12289623205766
11274,394.020132665481
13935,263.2114776795998
4063,1009.8668326041601
1286,298.75635150321875
11031,935.0147149112411
2928,524.8827495562509
11911,585.4480020438498
13240,1254.379663983205
1092,886.2929195839357
4304,356.5001511179228
74,428.6049158519554
12724,1081.0821782128075
11291,283.9418540415373
10564,327.58025999092996
5986,335.88947196724257
5776,844.7000534736817
292,397.3688054488024
13498,170.7018094899627
5047,1401.5257077751435
10745,786.7836330924953
5100,589.3176404100486
2090,428.5385161656007
6401,405.31209599790174
1802,404.121398728357
12929,1018.9021129902045
3972,358.6143814478964
3695,374.6852344689209
4668,568.7728661908933
319,317.19385171525744
13312,431.6512354459363
5221,360.3449362703972
13170,352.8221803656559
4343,416.51197615613734
1826,1167.5772184383034
10507,359.00012099627116
7912,530.5466631787464
145,420.7086302766552
12124,204.5024063106519
12191,962.7644498325236
6907,960.5353554100865
11892,369.9175117067745
11488,647.2310443740063
9805,1167.128728450814
11113,451.4410869803743
10766,443.5654718409648
1831,449.7842271622207
3981,496.88332580328074
86,492.6003746817001
8901,617.2725079648644
1220,411.7727621822351
13391,250.50024802024683
4505,167.15562919156034
2866,221.55505665645344
2997,343.5692075642685
4070,504.90506515613254
11118,334.62326085678234
11574,372.5809525724171
595,714.3553695492994
5184,360.06986786091164
10408,393.56422260264935
10953,317.43794322612007
11913,728.5406617387176
8076,318.5815265825312
13683,1221.7396933739183
13224,1249.8552983298268
5329,351.0435913366215
62,941.7184887137282
6956,1214.9085772195938
6602,372.397671608293
4581,178.90561684236124
11536,252.25775803501037
7478,863.6215934828784
11167,269.78043524799455
11656,353.03976703581526
9203,354.58053261556836
10885,341.55109283452225
13998,1281.8324603983722
10019,191.0125215272944
5206,359.08274815532377
12404,431.2008833975242
959,591.64746062124
4839,550.2807054244558
1514,385.7373757122219
2291,238.43447570196668
4218,1007.2337949277712
5310,587.835208235768
1480,354.6418505367088
7655,2161.891415461641
13401,345.87930412646284
6339,648.4457252837
4672,1061.6031321093153
10439,351.5192081836956
2956,738.4582231771482
7143,598.171197773661
9685,355.96797809479693
2981,719.555143273598
4334,1176.2291743774333
9003,1054.9257022415222
13940,283.3675568870306
11196,1079.1387827490387
10255,541.0272107162028
11888,384.5675277662958
6662,457.3420124343627
12743,514.7495921485691
11101,288.0103078979077
128,958.6321797843834
10732,167.4129572410929
5107,404.45938906750666
10616,503.6110085143845
3356,880.6863162976877
12107,331.0185966422548
6799,883.7907563204028
4232,310.61378279080117
12484,370.72161409072993
7108,226.00816430465446
6271,621.3094832658019
9351,793.4322406548639
6150,534.0825937330869
276,544.3586687922971
9610,769.0844116498193
13764,309.1881239877678
1273,529.2743932067671
12292,202.40775412939834
8441,423.42873791921835
13819,240.4857367735349
7092,178.20770123453278
1898,568.2231408982401
12657,253.18790947092126
5426,402.919330419644
7086,436.8362293066885
6073,333.7958796001071
13851,220.0645625953943
6857,291.76202407532065
11040,181.862240982086
12698,341.66699813123194
2827,334.6688212839979
716,1342.0250756598543
12639,920.8213963862758
4601,342.2129879236758
1119,717.0402911845276
3709,983.7761651076079
3059,938.1825703000411
9403,900.4424615465759
12556,378.38242013860315
4460,349.40163174171886
2317,323.71397379147066
5235,546.7472474104202
12402,282.1149643708749
11901,329.78625989484914
6922,340.8119588215759
10904,300.0369149221165
11909,340.2933558611719
8676,415.0796234552866
11346,835.3685106632101
11020,383.5684309986736
12703,283.9074795226276
3012,534.2268257501465
8315,722.0405527685925
7459,273.89908025330067
9989,1857.9120906753374
9309,631.0203992463863
1865,272.4946219425267
8396,1262.437686943525
2996,491.55001541407177
12041,482.8214937683454
6474,294.39832568538486
12634,1053.2456358859624
13575,341.852051080774
734,1031.050998797741
13932,263.2114776795998
9293,322.45733362544684
2458,249.1233843224695
7531,609.6240063481307
9113,1004.7523775097055
11563,883.1102892089897
12194,299.5202315219217
5750,603.195598253542
12968,663.7849794836485
3551,204.90886770056682
9471,646.3735018591212
3711,316.3427686028786
7034,513.9453239184018
4119,578.5020703226546
7603,269.08215019226475
5834,300.8630038279222
4025,422.8832751620686
14064,862.8384769163476
4926,459.75996979700176
6336,943.1383323981585
9000,697.5110008806023
9463,621.0984894952627
4356,304.87174143462283
12780,547.9361052983445
13320,445.9758099936593
3510,1233.0579232404843
6876,1330.9599569172258
4078,239.86986620587817
11635,1276.628943121219
12154,1033.7110291890926
5793,388.019005329972
7304,1186.0546987144196
12161,416.2914017613318
10724,1242.6217783626607
1794,791.2676899017995
1693,589.6105513329296
4258,748.2379707511244
13204,335.9993480891612
6619,1075.1977767318883
494,1017.0419395788764
13709,671.2953187732261
158,425.6733521108121
9949,429.0742255031598
12338,361.6711834962194
6278,625.5998565909063
6385,539.0782646848826
12607,896.2030976380979
10997,1541.4181513488818
2288,241.31191529239155
6729,270.8357775581682
3845,889.1706689995207
966,441.18473838340094
13736,250.1028669274248
11025,648.7534901771802
2253,831.8759866472491
8194,860.9942440811061
2579,262.4996428572333
439,527.6140235331469
3323,307.97173484752466
8222,138.8964612701683
1615,365.32815141158295
5654,682.0058893383552
3685,837.6787224926253
3753,457.3397348546387
12193,308.4650147883517
12185,153.68397615499197
13421,501.3044590250596
468,229.9658889272169
6873,1121.8129844678356
757,261.59374559742133
10968,302.42733137551846
4623,835.2386652613286
2689,932.8435291521724
1091,917.6319882545649
12276,426.1555124588352
10241,621.0424340070621
11271,493.2701196036525
11625,387.0731710662757
7140,986.2284478419416
1375,247.27062643597586
5273,646.901842619043
1863,520.0348038313809
8980,267.16097908099175
5130,300.92083118898535
3729,996.0419865204829
11585,224.8330117311696
12320,149.5823509087508
12702,1056.5908499811585
1879,311.5684076555685
13639,373.4909562527104
13443,255.07444465590982
8960,319.28955922690056
1120,583.0063119817947
4485,464.6555218988554
12151,239.8777016536843
3955,516.4864965123375
12732,914.534385466142
5548,375.76535283339246
11255,1089.9851663821262
10510,619.4478550838886
13279,498.66501808068733
10802,404.95732411252044
12597,824.9909039625753
3077,269.4996071144896
1433,307.6495496951693
11558,277.19919872792156
10224,423.0294710728507
5358,600.7181961553644
5475,613.9718944442836
2175,306.4587701142573
3718,456.30665432020453
2103,1234.1026682774052
4148,596.2651749942343
13514,620.1517973357486
2657,723.5078862612252
9234,468.95882798201586
1935,528.9533999649467
9248,329.728110422414
2953,852.0256571129831
10073,416.86660144404686
5816,429.0161376265933
7853,569.9808177982067
6502,271.3811169599513
9384,298.4965667863218
10063,897.0835983686559
10987,173.51946040359007
759,239.0359594507448
9574,604.8081796577251
830,327.714529373784
3932,1163.298821519477
7329,610.0874643806736
5810,347.3897133611274
5924,423.8757809112458
12294,582.5899391940769
2448,237.40403325813134
11038,766.9204404094841
9237,527.956868812274
11607,353.3554881302486
8661,297.344307246412
5557,419.19031484906327
10276,226.75986468923136
5590,571.9150028117809
11200,967.4067937869595
11157,258.800566796037
4195,548.8013971577842
6007,636.8745171075127
11551,149.30830558185434
1460,526.3593310879334
6787,621.3034972422523
7541,717.119075881713
6913,380.6810770596384
13622,428.70889720658124
7334,457.6645376234134
7260,262.8682261635867
3078,337.32290582866045
11397,357.3994489503148
6914,1162.8766224510553
2674,933.2064878364882
135,251.0658366489902
7801,949.8699644540138
13953,280.02609204990574
13211,240.38106860674117
2930,354.0875395729819
9704,1355.8903852643894
3890,730.3567803723828
800,653.6390822197545
7933,364.27802870013045
8129,337.9724586893465
8905,634.1522448796441
428,251.89536275726817
11205,583.1831482848416
5373,817.532986627083
7508,552.9044006492709
12599,798.361597755993
7699,204.08899224360675
12619,160.13549362146023
5903,303.09420933697044
1256,800.3160639066473
3276,306.5005224204582
6077,306.3433423810825
8627,165.76883155454675
4882,953.1209140487774
5419,256.02656279284764
11296,1891.5404025998319
2319,1139.7432395817384
9920,343.4398469209457
5153,624.0583237434221
8974,1377.1657998215337
3038,1026.4108342190466
4830,1302.481000782624
9648,328.9232456580952
9181,523.3810688539046
4827,564.4450196110025
10821,377.44634285209514
8583,474.83455230394696
11966,418.15022800959696
6946,473.7901662445723
11469,553.0790765217165
3306,270.4206284022381
382,490.9321125128504
9743,797.5698427664189
3528,402.14793502382526
2789,337.55161992868614
13754,396.25828505843276
1,250.86231992721207
6597,395.6696737736778
3061,817.3950008686518
4961,605.6218136251002
7733,333.5826973598936
3313,965.2649289607815
11900,336.8726116908741
13282,429.68086933997796
10244,364.7820272556371
7021,761.7158138962515
5406,400.13244884682877
5258,387.87830500736135
7977,176.37525140968825
9027,960.1952075579875
8726,374.5360654983955
13011,616.738209953287
2019,525.5169249557235
6386,332.1040564312925
13696,342.81435928254734
4954,453.8746873050542
6322,587.6072443040764
11141,359.9131184396332
7745,410.75599057471834
5051,430.2910528618267
12617,335.13114876609376
6376,976.4831923862279
9282,397.57491087565404
5503,994.7485196858873
13097,200.9883053883785
10147,428.2856156600973
4666,473.2112851817142
7400,546.1687449066544
3155,820.507383891198
5614,635.7716219286717
217,198.0010072651242
5220,434.2061707714995
4630,213.944914179751
7896,389.8492612036202
8537,401.69953353164465
3922,318.073737591798
867,282.9434285138599
11666,312.00369907717624
44,547.6944433773431
18,287.1367956841168
12374,268.05655706476716
8584,1219.8447083519231
1884,410.0121119572168
3706,875.3401877246318
10155,1443.3770976508858
3708,819.7224842791169
12938,481.8153193645538
5146,819.8671124982963
8962,766.8596196873256
7887,272.12046162596585
11928,333.97494446274027
8481,577.6811380111486
3326,415.6015292050369
12725,349.5407255538633
9617,634.4513776443977
10977,1054.590501342588
5848,2329.1847714604864
13112,1083.6392398410414
11185,409.60826272315353
7954,375.18816109302907
13125,297.31326320527586
5844,347.95420343508096
260,438.7700591511263
9734,178.48496416281876
444,331.87980018613763
8655,338.0018697442793
6965,946.9148457389123
9485,568.5523985937363
533,800.4591195738309
6919,311.3573264281482
11611,367.7240993382488
10382,1051.0382115408609
11361,225.90650550786202
13656,817.5211872827543
12004,829.0618843890177
12946,324.3614488188258
431,232.5844984110599
5679,383.8280955387467
4439,347.61391561004126
2329,1061.1277126013174
9729,584.5226150023568
8825,413.05546043898124
578,509.3279345919186
13111,1389.1900811216303
7045,327.23525250827515
8178,517.7684050700398
5187,233.9572103764
8067,303.00179742780495
13608,1972.830092640329
1699,592.9595679066932
762,479.1851112615498
12254,300.84470910028676
797,432.88335792383026
4752,436.0794457670315
9971,368.1454086749683
7504,712.132409695587
6174,1251.443887084262
4383,223.42542372026725
12994,997.9738370321147
11772,802.1597715998527
11565,639.6574186599985
2547,508.37811487786894
1942,1044.9489251702446
4082,384.66519897577973
14059,635.155784030573
6557,389.7576127451741
6326,450.60879554504663
5438,338.32052929619147
3069,857.51917177172
10291,280.15011679235374
5839,297.0181202932228
14028,840.2686201417696
7866,251.81110257875207
8760,421.65011602264445
10676,390.4085191938763
592,256.36396974565235
4788,766.1225763560582
9252,397.03025864019344
3298,296.7556266203575
1042,418.45071848726104
6904,859.3992829297981
9020,269.34068086244366
2518,340.7013553535527
2222,410.1053466832829
7780,255.98088939053793
9256,1328.3973142626373
10096,509.02606385414646
6301,410.0532347904656
6504,243.870433486873
12531,640.8902141743098
9212,218.93159721043793
9396,1310.8795501364766
961,566.0424825177898
3590,433.91148823926335
6087,383.759454232619
11433,382.75352101465825
3774,829.0668009792573
884,436.2272237301343
4547,747.6039313041074
8299,340.50736146187234
10385,1208.5192314337937
9346,1111.0823765503612
4685,675.1017462385802
7526,384.7178756521115
6780,1288.479192739335
8815,327.4822665761997
11414,388.97950534698106
1836,448.10310035150246
6930,154.28142772407165
7361,413.8984211955055
3785,230.65176041545635
8371,198.92238379840262
12957,265.5561337721636
2451,434.1146943568035
12297,384.9794619941746
7437,444.29457380378415
11288,1043.1365163206988
5716,440.72017326911754
7173,316.0590917490394
12210,442.45533808929224
6943,1484.8182354856194
13394,888.0972463994018
1161,889.8189046603268
14105,956.172439088158
8977,1141.8770712323887
12400,1408.630896571056
11309,557.3413305044669
6211,303.8291121792164
2155,359.3307315970637
1459,579.1641710680084
1207,214.1196755141462
8345,412.2244159091938
11142,400.49725105732193
2743,450.40252073758666
8732,318.37621597395787
5045,487.50641006304863
12550,633.4183622225045
10565,345.3702984645142
13870,421.41205787171634
7895,268.443913118858
4786,607.7541678610544
6168,438.3106989623607
1148,210.21808071417587
7071,198.51815454501295
13590,225.35100133854596
8414,358.8819359793688
3290,416.59656147569007
9480,542.0662252925835
12072,486.9356427375956
7800,316.17568914920867
1887,475.9060759495526
624,918.2305091710526
6519,874.9337439785967
1340,409.40025234349764
13947,208.98154707473492
8840,978.2993909949811
3324,278.69966400791384
4245,526.7034071372075
3081,295.0641295148099
12749,189.0487676407849
10733,168.0267827902459
1502,354.03771496485024
11975,1131.7422319221357
3425,340.2945046775937
6785,466.07144275125484
3496,424.603019676229
4090,935.2105767034226
10411,863.0677133436116
13725,252.40778219904536
13359,254.20441857271672
7975,426.8670055638378
6348,885.818125536097
8367,396.226130389711
11593,981.1332045606206
7175,371.6843648516416
6320,400.0960907181177
9239,610.3354852645346
11941,775.077645299306
10877,610.2424658657116
8427,499.5838450342543
8162,414.84825576617516
11335,416.5613597038292
10157,629.4214333337101
11213,242.77872920725628
12740,147.25617576964606
6183,283.1706565745273
8611,285.14794192250156
3039,674.2853684456577
8243,1733.1725082631835
8397,378.34505845784054
4476,754.6168386743357
5398,383.99654537607864
1473,401.00987737364625
13569,715.5024324127387
10412,589.5920428168802
9318,357.36665456184124
5713,285.2410047877318
3370,420.6354812015568
850,535.1754999865959
4864,813.5754444583652
3388,1215.7254394231275
6979,662.1139509868879
8984,494.98717397397934
10167,755.378023021408
2211,514.6132398783607
3563,242.19420186571926
579,956.772122825056
11203,763.0920546010454
1512,340.81053138042296
6648,950.9421600131908
12647,331.9903221436575
3376,983.5756798155644
11677,591.9293719850592
11116,233.27321934344687
415,801.524478827947
7302,419.40165566947064
11784,1018.0481743296259
6179,250.47676233067313
5016,248.1588367690091
427,458.7456090321375
11294,605.8321133703413
622,365.7809603805075
2095,274.4868599781452
11039,283.3651364062182
8956,1104.3447488333786
6818,418.4492039710593
2381,1346.3100801852422
7542,334.07143047348023
2341,457.1965045912677
4534,745.2444188737235
266,281.97032583420315
6102,263.6910255925606
9951,1030.6285107726405
8833,594.88853423469
10978,273.8718478718918
11728,275.9252489521527
5332,241.2016409155929
5814,487.01523206214466
14031,520.8287423400261
6700,507.3175708197209
5618,457.8828848955131
10150,294.4873043185422
8024,617.3929301827411
12440,236.8994554254018
2089,291.6297773093706
13605,313.9717268228486
2143,738.9591434125612
4631,518.3745639777541
10400,348.64526160651855
4478,433.0275227417578
1083,584.2046381466288
1672,713.4842128724626
3422,137.85087634562353
3746,812.0633602532814
12527,518.9092503566477
3843,446.45592057940934
12956,336.92050500548027
10844,201.9092645870279
1504,456.5438188401962
9675,217.87809617552585
1972,228.08886154567745
5181,295.6030082042394
2609,365.80399593032257
8210,144.35594474927856
12590,574.1494163315169
8325,391.8030201395413
317,474.0713687945879
3747,699.1079226226966
695,766.2915710975191
13566,313.173308645966
11987,314.35350590322577
6852,424.2363808215598
3586,440.55427659142424
6663,392.9483325613207
11978,779.8845270496239
2967,769.5926241005421
4644,1250.9607152618996
12021,357.67754011700737
11559,251.61176674568685
7279,343.06340816775696
3095,549.3581525823438
2883,289.1515933979049
12885,341.5237555248561
3269,248.5033158348072
5350,1051.6789612298664
12167,1220.0167305930997
10539,1017.9473862721716
13799,368.7174336923884
3245,235.83756871685432
11399,687.6107322133458
7040,736.6897753505681
3101,718.5938997286177
7683,323.6597853132439
9016,338.3173474443087
11748,393.2297935674144
11259,586.0872027420329
1464,494.3120889671914
3838,1015.1037562023794
8577,820.7778292896799
377,368.1455340223031
9718,584.5226150023568
10718,425.85102873588704
2217,365.45598120037937
6730,819.2096357687182
12281,317.84918899120134
13399,349.5752199532805
8226,220.39241462162468
11867,1306.3805541546262
9607,811.4115869646814
3820,812.9365346638332
12874,398.04065084264454
10372,445.77483700722365
5532,246.92250037271063
12637,663.8975317837603
4140,353.45716126054407
3232,500.5681910688184
2393,367.71594699366125
9388,132.588865579407
10939,362.5086649635672
2485,338.37914320682296
8388,261.111442162766
12907,471.60663932771763
8218,405.3628361012953
8048,524.4694448354632
2047,451.15690116914436
5894,410.0495626043609
1255,374.4605092582255
953,547.7542989573207
8912,475.43874703126096
11087,1011.8751438243104
12682,213.54568980570332
5091,260.41742757917046
3167,320.6392078732815
2933,630.4960817906409
7803,365.04490444705186
3410,282.84467572232677
9576,325.32770284170175
1719,630.0790630396252
10796,352.48841982364763
10022,349.84749238439014
8296,986.92806327726
13307,1384.3993391634533
12532,408.4072590645537
10892,418.2361621041191
11284,510.2891875902851
6744,391.7312650920116
6596,373.2908648710487
5376,307.8791454411196
6014,338.4724234141634
13817,236.6627805199283
2565,264.9714458478676
10621,446.06770991675637
7417,559.9926220830858
10896,311.9567234193365
1537,401.2977087715483
1057,1622.4041379304754
1147,373.91588800524187
10763,1149.4037579099218
1938,825.0293874890485
6178,354.8721026789731
1032,253.3966123183461
9439,267.82083298651696
8381,172.13647856317672
9940,1060.3008124422504
10861,164.61059958188162
11992,247.2543325839443
6546,825.4288800073502
7862,593.8061826082701
7339,777.8009176368074
2544,398.0531838744761
97,1407.3821408895346
12712,230.55316311018422
13597,290.5409506323464
2475,386.7321903420877
2685,871.132744955069
2523,306.68643494769935
2628,614.0499850710999
